INSERT INTO user_roles(id, user_role, description)
values ('1','ADMIN', 'Admin Permissions'),
       ('2','USER', 'Simple User Permissions');

INSERT INTO users (id, email, first_name, active, last_name, password, username, created_at, last_modified, user_role_id)
VALUES
    ('1', 'admin@admin.com', 'Admin', 1, 'Adminov', '$2a$10$uLYimymH.0qx1cFGMLdqau8FGkAv3zxiRYGp/skhrqHLCPhdgN37G', 'admin',  '2023-08-25T15:14:40.733400800', '2023-08-25T15:14:40.733400800', '1'),
    ('2', 'user@user.com', 'User', 1, 'Userov', '$2a$10$QnuZfkRUcaMzXbw0Rs4cA.nL.7iRS8Mv2fN1Su4g0nqOeg.nVukEW', 'user', '2023-08-25T15:14:40.733400800', '2023-08-25T15:14:40.733400800', '2'),
    ('3', 'alice.smith@example.com', 'Alice', 1, 'Smith', '$2a$10$abc123abc123abc123abcOeHd3TzYYWkMntJKjtrAI5QXZC7gVbK', 'alices', '2023-08-25 15:14:40.733', '2023-08-25 15:14:40.733', 2),
    ('4', 'bob.johnson@example.com', 'Bob', 1, 'Johnson', '$2a$10$def456def456def456defJQjkr4Y3OZx98gh2MjduieoL0RvzUu', 'bobj', '2023-08-25 15:14:40.733', '2023-08-25 15:14:40.733', 2),
    ('5', 'carol.williams@example.com', 'Carol', 1, 'Williams', '$2a$10$ghi789ghi789ghi789ghiGHJKlkj4uQwe9YhnLpknJHG8uLNk', 'carolw', '2023-08-25 15:14:40.733', '2023-08-25 15:14:40.733', 1),
    ('6', 'david.brown@example.com', 'David', 1, 'Brown', '$2a$10$jkl012jkl012jkl012jklIUYTRdsaPlkjg876GhtrQweklNM7p', 'davidb', '2023-08-25 15:14:40.733', '2023-08-25 15:14:40.733', 2),
    ('7', 'eva.jones@example.com', 'Eva', 1, 'Jones', '$2a$10$mno345mno345mno345mnoTREWQasdFlkjH7ytgbVcxzWqpoIUY', 'evaj', '2023-08-25 15:14:40.733', '2023-08-25 15:14:40.733', 2),
    ('8', 'frank.miller@example.com', 'Frank', 1, 'Miller', '$2a$10$pqr678pqr678pqr678pqrZXCVMNBasdf1234lkjhgfdqwerty', 'frankm', '2023-08-25 15:14:40.733', '2023-08-25 15:14:40.733', 1),
    ('9', 'grace.davis@example.com', 'Grace', 1, 'Davis', '$2a$10$stu901stu901stu901stuLKJHGFDsaqw1234mnbvcztyuiop', 'graced', '2023-08-25 15:14:40.733', '2023-08-25 15:14:40.733', 2),
    ('10', 'henry.wilson@example.com', 'Henry', 1, 'Wilson', '$2a$10$vwx234vwx234vwx234vwxQAZXSWEDCFR12345TGBNM098765', 'henryw', '2023-08-25 15:14:40.733', '2023-08-25 15:14:40.733', 2);


-- Inserting into projects
INSERT INTO projects (id, created_at, description, name, updated_at, owner_id)
VALUES (1, '2025-04-02 17:08:53', 'Generation since its sign according article. Dog central letter never.', 'Expedite Viral Metrics', '2025-04-05 06:54:38', 1);
INSERT INTO projects (id, created_at, description, name, updated_at, owner_id)
VALUES (2, '2025-05-03 05:01:48', 'Write do thus situation age. Movement analysis too where though. Good follow accept.', 'Re-Contextualize Customized Supply-Chains', '2025-02-10 08:07:35', 5);
INSERT INTO projects (id, created_at, description, name, updated_at, owner_id)
VALUES (3, '2025-01-28 20:48:42', 'Station safe hot late front. Town knowledge student start check.', 'Brand Magnetic Relationships', '2025-02-03 16:05:55', 9);
INSERT INTO projects (id, created_at, description, name, updated_at, owner_id)
VALUES (4, '2025-02-02 20:16:08', 'Century over know win particularly office mother. Read line executive himself.', 'Whiteboard Compelling E-Tailers', '2025-04-28 23:37:23', 4);
INSERT INTO projects (id, created_at, description, name, updated_at, owner_id)
VALUES (5, '2025-04-24 14:52:22', 'Choose end short individual hour. Themselves so history.
Avoid their beautiful. Deal law food bad.', 'Transform Visionary Architectures', '2025-03-19 05:12:42', 8);

-- Inserting into project_users
INSERT INTO project_users (project_id, user_id) VALUES (1, 1);
INSERT INTO project_users (project_id, user_id) VALUES (1, 7);
INSERT INTO project_users (project_id, user_id) VALUES (1, 5);
INSERT INTO project_users (project_id, user_id) VALUES (2, 2);
INSERT INTO project_users (project_id, user_id) VALUES (2, 7);
INSERT INTO project_users (project_id, user_id) VALUES (2, 10);
INSERT INTO project_users (project_id, user_id) VALUES (2, 5);
INSERT INTO project_users (project_id, user_id) VALUES (2, 3);
INSERT INTO project_users (project_id, user_id) VALUES (3, 7);
INSERT INTO project_users (project_id, user_id) VALUES (3, 3);
INSERT INTO project_users (project_id, user_id) VALUES (3, 10);
INSERT INTO project_users (project_id, user_id) VALUES (4, 1);
INSERT INTO project_users (project_id, user_id) VALUES (4, 4);
INSERT INTO project_users (project_id, user_id) VALUES (4, 8);
INSERT INTO project_users (project_id, user_id) VALUES (4, 7);
INSERT INTO project_users (project_id, user_id) VALUES (4, 2);
INSERT INTO project_users (project_id, user_id) VALUES (5, 2);
INSERT INTO project_users (project_id, user_id) VALUES (5, 7);
INSERT INTO project_users (project_id, user_id) VALUES (5, 6);
INSERT INTO project_users (project_id, user_id) VALUES (5, 8);
INSERT INTO project_users (project_id, user_id) VALUES (5, 10);

INSERT INTO tasks (id, created_at, description, status, title, type, updated_at, assigned_to, user_id, project_id)
VALUES (1, '2025-01-01 00:00:00', 'Description 1', 'In_Progress', 'Title 1', 'Bug', '2025-01-02 00:00:00', 2, 2, 2);
INSERT INTO tasks (id, created_at, description, status, title, type, updated_at, assigned_to, user_id, project_id)
VALUES (2, '2025-01-01 00:00:00', 'Description 2', 'Resolved', 'Title 2', 'Bug', '2025-01-02 00:00:00', 3, 3, 3);
INSERT INTO tasks (id, created_at, description, status, title, type, updated_at, assigned_to, user_id, project_id)
VALUES (3, '2025-01-01 00:00:00', 'Description 3', 'New', 'Title 3', 'Feature', '2025-01-02 00:00:00', 4, 4, 4);
INSERT INTO tasks (id, created_at, description, status, title, type, updated_at, assigned_to, user_id, project_id)
VALUES (4, '2025-01-01 00:00:00', 'Description 4', 'In_Progress', 'Title 4', 'Bug', '2025-01-02 00:00:00', 5, 5, 5);
INSERT INTO tasks (id, created_at, description, status, title, type, updated_at, assigned_to, user_id, project_id)
VALUES (5, '2025-01-01 00:00:00', 'Description 5', 'Resolved', 'Title 5', 'Story', '2025-01-02 00:00:00', 6, 6, 1);
INSERT INTO tasks (id, created_at, description, status, title, type, updated_at, assigned_to, user_id, project_id)
VALUES (6, '2025-01-01 00:00:00', 'Description 6', 'New', 'Title 6', 'Feature', '2025-01-02 00:00:00', 7, 7, 2);
INSERT INTO tasks (id, created_at, description, status, title, type, updated_at, assigned_to, user_id, project_id)
VALUES (7, '2025-01-01 00:00:00', 'Description 7', 'In_Progress', 'Title 7', 'Bug', '2025-01-02 00:00:00', 8, 8, 3);
INSERT INTO tasks (id, created_at, description, status, title, type, updated_at, assigned_to, user_id, project_id)
VALUES (8, '2025-01-01 00:00:00', 'Description 8', 'Resolved', 'Title 8', 'Story', '2025-01-02 00:00:00', 9, 9, 4);
INSERT INTO tasks (id, created_at, description, status, title, type, updated_at, assigned_to, user_id, project_id)
VALUES (9, '2025-01-01 00:00:00', 'Description 9', 'New', 'Title 9', 'Feature', '2025-01-02 00:00:00', 10, 10, 5);
INSERT INTO tasks (id, created_at, description, status, title, type, updated_at, assigned_to, user_id, project_id)
VALUES (10, '2025-01-01 00:00:00', 'Description 10', 'In_Progress', 'Title 10', 'Bug', '2025-01-02 00:00:00', 1, 1, 1);
INSERT INTO tasks (id, created_at, description, status, title, type, updated_at, assigned_to, user_id, project_id)
VALUES (11, '2025-01-01 00:00:00', 'Description 11', 'Resolved', 'Title 11', 'Story', '2025-01-02 00:00:00', 2, 2, 2);
INSERT INTO tasks (id, created_at, description, status, title, type, updated_at, assigned_to, user_id, project_id)
VALUES (12, '2025-01-01 00:00:00', 'Description 12', 'New', 'Title 12', 'Feature', '2025-01-02 00:00:00', 3, 3, 3);
INSERT INTO tasks (id, created_at, description, status, title, type, updated_at, assigned_to, user_id, project_id)
VALUES (13, '2025-01-01 00:00:00', 'Description 13', 'In_Progress', 'Title 13', 'Bug', '2025-01-02 00:00:00', 4, 4, 4);
INSERT INTO tasks (id, created_at, description, status, title, type, updated_at, assigned_to, user_id, project_id)
VALUES (14, '2025-01-01 00:00:00', 'Description 14', 'Resolved', 'Title 14', 'Story', '2025-01-02 00:00:00', 5, 5, 5);
INSERT INTO tasks (id, created_at, description, status, title, type, updated_at, assigned_to, user_id, project_id)
VALUES (15, '2025-01-01 00:00:00', 'Description 15', 'New', 'Title 15', 'Feature', '2025-01-02 00:00:00', 6, 6, 1);
INSERT INTO tasks (id, created_at, description, status, title, type, updated_at, assigned_to, user_id, project_id)
VALUES (16, '2025-01-01 00:00:00', 'Description 16', 'In_Progress', 'Title 16', 'Bug', '2025-01-02 00:00:00', 7, 7, 2);
INSERT INTO tasks (id, created_at, description, status, title, type, updated_at, assigned_to, user_id, project_id)
VALUES (17, '2025-01-01 00:00:00', 'Description 17', 'Resolved', 'Title 17', 'Epic', '2025-01-02 00:00:00', 8, 8, 3);
INSERT INTO tasks (id, created_at, description, status, title, type, updated_at, assigned_to, user_id, project_id)
VALUES (18, '2025-01-01 00:00:00', 'Description 18', 'New', 'Title 18', 'Feature', '2025-01-02 00:00:00', 9, 9, 4);
INSERT INTO tasks (id, created_at, description, status, title, type, updated_at, assigned_to, user_id, project_id)
VALUES (19, '2025-01-01 00:00:00', 'Description 19', 'In_Progress', 'Title 19', 'Bug', '2025-01-02 00:00:00', 10, 10, 5);
INSERT INTO tasks (id, created_at, description, status, title, type, updated_at, assigned_to, user_id, project_id)
VALUES (20, '2025-01-01 00:00:00', 'Description 20', 'Resolved', 'Title 20', 'Epic', '2025-01-02 00:00:00', 1, 1, 1);
INSERT INTO tasks (id, created_at, description, status, title, type, updated_at, assigned_to, user_id, project_id)
VALUES (21, '2025-01-01 00:00:00', 'Description 21', 'New', 'Title 21', 'Feature', '2025-01-02 00:00:00', 2, 2, 2);
INSERT INTO tasks (id, created_at, description, status, title, type, updated_at, assigned_to, user_id, project_id)
VALUES (22, '2025-01-01 00:00:00', 'Description 22', 'In_Progress', 'Title 22', 'Bug', '2025-01-02 00:00:00', 3, 3, 3);
INSERT INTO tasks (id, created_at, description, status, title, type, updated_at, assigned_to, user_id, project_id)
VALUES (23, '2025-01-01 00:00:00', 'Description 23', 'Resolved', 'Title 23', 'Epic', '2025-01-02 00:00:00', 4, 4, 4);
INSERT INTO tasks (id, created_at, description, status, title, type, updated_at, assigned_to, user_id, project_id)
VALUES (24, '2025-01-01 00:00:00', 'Description 24', 'New', 'Title 24', 'Feature', '2025-01-02 00:00:00', 5, 5, 5);
INSERT INTO tasks (id, created_at, description, status, title, type, updated_at, assigned_to, user_id, project_id)
VALUES (25, '2025-01-01 00:00:00', 'Description 25', 'In_Progress', 'Title 25', 'Bug', '2025-01-02 00:00:00', 6, 6, 1);
INSERT INTO tasks (id, created_at, description, status, title, type, updated_at, assigned_to, user_id, project_id)
VALUES (26, '2025-01-01 00:00:00', 'Description 26', 'Resolved', 'Title 26', 'Epic', '2025-01-02 00:00:00', 7, 7, 2);
INSERT INTO tasks (id, created_at, description, status, title, type, updated_at, assigned_to, user_id, project_id)
VALUES (27, '2025-01-01 00:00:00', 'Description 27', 'New', 'Title 27', 'Feature', '2025-01-02 00:00:00', 8, 8, 3);
INSERT INTO tasks (id, created_at, description, status, title, type, updated_at, assigned_to, user_id, project_id)
VALUES (28, '2025-01-01 00:00:00', 'Description 28', 'In_Progress', 'Title 28', 'Bug', '2025-01-02 00:00:00', 9, 9, 4);
INSERT INTO tasks (id, created_at, description, status, title, type, updated_at, assigned_to, user_id, project_id)
VALUES (29, '2025-01-01 00:00:00', 'Description 29', 'Resolved', 'Title 29', 'Epic', '2025-01-02 00:00:00', 10, 10, 5);
INSERT INTO tasks (id, created_at, description, status, title, type, updated_at, assigned_to, user_id, project_id)
VALUES (30, '2025-01-01 00:00:00', 'Description 30', 'New', 'Title 30', 'Feature', '2025-01-02 00:00:00', 1, 1, 1);
INSERT INTO tasks (id, created_at, description, status, title, type, updated_at, assigned_to, user_id, project_id)
VALUES (31, '2025-01-01 00:00:00', 'Description 31', 'In_Progress', 'Title 31', 'Bug', '2025-01-02 00:00:00', 2, 2, 2);
INSERT INTO tasks (id, created_at, description, status, title, type, updated_at, assigned_to, user_id, project_id)
VALUES (32, '2025-01-01 00:00:00', 'Description 32', 'Resolved', 'Title 32', 'Epic', '2025-01-02 00:00:00', 3, 3, 3);
INSERT INTO tasks (id, created_at, description, status, title, type, updated_at, assigned_to, user_id, project_id)
VALUES (33, '2025-01-01 00:00:00', 'Description 33', 'New', 'Title 33', 'Feature', '2025-01-02 00:00:00', 4, 4, 4);
INSERT INTO tasks (id, created_at, description, status, title, type, updated_at, assigned_to, user_id, project_id)
VALUES (34, '2025-01-01 00:00:00', 'Description 34', 'In_Progress', 'Title 34', 'Bug', '2025-01-02 00:00:00', 5, 5, 5);
INSERT INTO tasks (id, created_at, description, status, title, type, updated_at, assigned_to, user_id, project_id)
VALUES (35, '2025-01-01 00:00:00', 'Description 35', 'Resolved', 'Title 35', 'Epic', '2025-01-02 00:00:00', 6, 6, 1);
INSERT INTO tasks (id, created_at, description, status, title, type, updated_at, assigned_to, user_id, project_id)
VALUES (36, '2025-01-01 00:00:00', 'Description 36', 'New', 'Title 36', 'Feature', '2025-01-02 00:00:00', 7, 7, 2);
INSERT INTO tasks (id, created_at, description, status, title, type, updated_at, assigned_to, user_id, project_id)
VALUES (37, '2025-01-01 00:00:00', 'Description 37', 'In_Progress', 'Title 37', 'Bug', '2025-01-02 00:00:00', 8, 8, 3);
INSERT INTO tasks (id, created_at, description, status, title, type, updated_at, assigned_to, user_id, project_id)
VALUES (38, '2025-01-01 00:00:00', 'Description 38', 'Resolved', 'Title 38', 'Epic', '2025-01-02 00:00:00', 9, 9, 4);
INSERT INTO tasks (id, created_at, description, status, title, type, updated_at, assigned_to, user_id, project_id)
VALUES (39, '2025-01-01 00:00:00', 'Description 39', 'New', 'Title 39', 'Feature', '2025-01-02 00:00:00', 10, 10, 5);
INSERT INTO tasks (id, created_at, description, status, title, type, updated_at, assigned_to, user_id, project_id)
VALUES (40, '2025-01-01 00:00:00', 'Description 40', 'In_Progress', 'Title 40', 'Bug', '2025-01-02 00:00:00', 1, 1, 1);
INSERT INTO tasks (id, created_at, description, status, title, type, updated_at, assigned_to, user_id, project_id)
VALUES (41, '2025-01-01 00:00:00', 'Description 41', 'Resolved', 'Title 41', 'Epic', '2025-01-02 00:00:00', 2, 2, 2);
INSERT INTO tasks (id, created_at, description, status, title, type, updated_at, assigned_to, user_id, project_id)
VALUES (42, '2025-01-01 00:00:00', 'Description 42', 'New', 'Title 42', 'Feature', '2025-01-02 00:00:00', 3, 3, 3);
INSERT INTO tasks (id, created_at, description, status, title, type, updated_at, assigned_to, user_id, project_id)
VALUES (43, '2025-01-01 00:00:00', 'Description 43', 'In_Progress', 'Title 43', 'Bug', '2025-01-02 00:00:00', 4, 4, 4);
INSERT INTO tasks (id, created_at, description, status, title, type, updated_at, assigned_to, user_id, project_id)
VALUES (44, '2025-01-01 00:00:00', 'Description 44', 'Resolved', 'Title 44', 'Epic', '2025-01-02 00:00:00', 5, 5, 5);
INSERT INTO tasks (id, created_at, description, status, title, type, updated_at, assigned_to, user_id, project_id)
VALUES (45, '2025-01-01 00:00:00', 'Description 45', 'New', 'Title 45', 'Feature', '2025-01-02 00:00:00', 6, 6, 1);
INSERT INTO tasks (id, created_at, description, status, title, type, updated_at, assigned_to, user_id, project_id)
VALUES (46, '2025-01-01 00:00:00', 'Description 46', 'In_Progress', 'Title 46', 'Bug', '2025-01-02 00:00:00', 7, 7, 2);
INSERT INTO tasks (id, created_at, description, status, title, type, updated_at, assigned_to, user_id, project_id)
VALUES (47, '2025-01-01 00:00:00', 'Description 47', 'Resolved', 'Title 47', 'Epic', '2025-01-02 00:00:00', 8, 8, 3);
INSERT INTO tasks (id, created_at, description, status, title, type, updated_at, assigned_to, user_id, project_id)
VALUES (48, '2025-01-01 00:00:00', 'Description 48', 'New', 'Title 48', 'Feature', '2025-01-02 00:00:00', 9, 9, 4);
INSERT INTO tasks (id, created_at, description, status, title, type, updated_at, assigned_to, user_id, project_id)
VALUES (49, '2025-01-01 00:00:00', 'Description 49', 'In_Progress', 'Title 49', 'Bug', '2025-01-02 00:00:00', 10, 10, 5);
INSERT INTO tasks (id, created_at, description, status, title, type, updated_at, assigned_to, user_id, project_id)
VALUES (50, '2025-01-01 00:00:00', 'Description 50', 'Resolved', 'Title 50', 'Epic', '2025-01-02 00:00:00', 1, 1, 1);

-- Inserting into tasks_comments
INSERT INTO tasks_comments (id, content, created_at, updated_at, author_id, task_id)
VALUES (1, 'Worker education blood nothing remember blood management level. At food individual.
Describe security require theory. Believe level put without prevent it herself.', '2025-01-15 16:39:04', '2025-01-12 21:22:12', 5, 25);
INSERT INTO tasks_comments (id, content, created_at, updated_at, author_id, task_id)
VALUES (2, 'Imagine ago officer six effort meeting get they. First popular likely development goal.', '2025-01-18 20:26:19', '2025-03-06 03:08:30', 4, 27);
INSERT INTO tasks_comments (id, content, created_at, updated_at, author_id, task_id)
VALUES (3, 'Improve condition red concern truth positive. Seem child resource they just old evidence.
Who far from good artist. Structure term doctor.', '2025-02-24 23:06:30', '2025-04-17 15:12:06', 10, 2);
INSERT INTO tasks_comments (id, content, created_at, updated_at, author_id, task_id)
VALUES (4, 'Author participant word same often. Expect raise election star notice record. Administration event role so long.', '2025-04-16 19:00:14', '2025-04-09 18:19:26', 9, 14);
INSERT INTO tasks_comments (id, content, created_at, updated_at, author_id, task_id)
VALUES (5, 'Choose thing must especially fall listen. Television what reduce risk since single attorney. Chance herself provide prevent one nothing.', '2025-01-04 20:46:09', '2025-04-08 15:21:15', 4, 40);
INSERT INTO tasks_comments (id, content, created_at, updated_at, author_id, task_id)
VALUES (6, 'Despite call statement language soon seven. Nothing level might sell. Other technology fire whatever.
Too black ok involve people. Organization brother wait table.', '2025-04-26 21:29:07', '2025-04-08 13:42:21', 2, 1);
INSERT INTO tasks_comments (id, content, created_at, updated_at, author_id, task_id)
VALUES (7, 'Second whom stage study cold. Western look present ever name window head.', '2025-01-22 23:37:43', '2025-04-27 09:13:01', 4, 32);
INSERT INTO tasks_comments (id, content, created_at, updated_at, author_id, task_id)
VALUES (8, 'Simple finally account tell entire report reality. Anyone beat agreement enough. Clearly bring green health hand carry home.', '2025-01-22 20:21:23', '2025-04-06 10:25:36', 5, 41);
INSERT INTO tasks_comments (id, content, created_at, updated_at, author_id, task_id)
VALUES (9, 'Establish human possible writer speech. Rock many age risk avoid environment early.
Anyone brother side for degree stock get result. General see then they race official science.', '2025-04-19 12:07:26', '2025-03-06 15:43:15', 8, 36);
INSERT INTO tasks_comments (id, content, created_at, updated_at, author_id, task_id)
VALUES (10, 'Democratic contain sit democratic care bad group. Fly name mouth support hand.', '2025-01-13 23:32:50', '2025-03-25 01:26:49', 10, 32);
INSERT INTO tasks_comments (id, content, created_at, updated_at, author_id, task_id)
VALUES (11, 'Author certainly parent yourself research much his appear. It arm exactly between strong with. Budget great recent now population.', '2025-03-11 06:17:39', '2025-02-28 13:55:20', 6, 5);
INSERT INTO tasks_comments (id, content, created_at, updated_at, author_id, task_id)
VALUES (12, 'Wind rule consider instead realize. By lay particularly everything.
Study drug now.
Level another clearly game far too relate. Ability sister then. Near eat huge few drop music rise indeed.', '2025-04-03 19:11:54', '2025-03-21 11:53:16', 2, 5);
INSERT INTO tasks_comments (id, content, created_at, updated_at, author_id, task_id)
VALUES (13, 'Cost indicate husband senior. Financial speech record break. Interest three note try because.', '2025-05-08 16:00:36', '2025-03-18 02:15:18', 6, 3);
INSERT INTO tasks_comments (id, content, created_at, updated_at, author_id, task_id)
VALUES (14, 'Soon approach instead environment subject up quickly. Behavior water family factor. Admit must score station consider woman matter.', '2025-04-23 00:49:35', '2025-03-11 00:11:09', 5, 27);
INSERT INTO tasks_comments (id, content, created_at, updated_at, author_id, task_id)
VALUES (15, 'Home south face local spring blue New. Shake account head risk yes to increase.
Thank take growth program rest nearly short generation. We air car sure avoid.', '2025-04-01 16:50:35', '2025-01-22 18:44:34', 3, 17);
INSERT INTO tasks_comments (id, content, created_at, updated_at, author_id, task_id)
VALUES (16, 'Major according performance side. Glass continue return executive feeling he job wall. Upon board level six almost get.
Evidence often scene community onto.', '2025-04-25 20:01:50', '2025-01-25 05:26:01', 7, 38);
INSERT INTO tasks_comments (id, content, created_at, updated_at, author_id, task_id)
VALUES (17, 'Thank life I significant. Whether consumer visit knowledge measure there.', '2025-03-03 01:21:28', '2025-01-19 13:37:52', 4, 15);
INSERT INTO tasks_comments (id, content, created_at, updated_at, author_id, task_id)
VALUES (18, 'Miss some hear energy. Improve less reason mother someone series scene.
Bag son position citizen take. Again claim country again rock. Though if always.', '2025-02-05 16:29:55', '2025-04-20 13:35:35', 5, 22);
INSERT INTO tasks_comments (id, content, created_at, updated_at, author_id, task_id)
VALUES (19, 'Collection skill friend officer go herself scene. Like minute consider water. Meet business example claim a investment.
Until receive how view land decade. Crime every return hope small color trial.', '2025-04-02 00:01:54', '2025-01-26 14:13:13', 9, 48);
INSERT INTO tasks_comments (id, content, created_at, updated_at, author_id, task_id)
VALUES (20, 'Sign father perhaps instead. Wall region have worry start improve say check.', '2025-02-05 14:47:15', '2025-01-09 06:30:46', 4, 30);
INSERT INTO tasks_comments (id, content, created_at, updated_at, author_id, task_id)
VALUES (21, 'Type onto vote many society.
Air hour two air machine. Go camera foreign. Dog mission long relationship hair already.', '2025-05-01 08:13:54', '2025-03-19 22:31:06', 3, 18);
INSERT INTO tasks_comments (id, content, created_at, updated_at, author_id, task_id)
VALUES (22, 'Media world property artist face way. Run third available early.
Beyond cup reveal sure. Me seat wind. Identify industry early down professor response garden indicate.', '2025-03-14 11:35:04', '2025-02-12 04:31:13', 10, 43);
INSERT INTO tasks_comments (id, content, created_at, updated_at, author_id, task_id)
VALUES (23, 'Hit material wide but. Its despite possible cold system year. Skill history right probably data kitchen.', '2025-04-06 12:06:08', '2025-01-31 20:40:41', 8, 16);
INSERT INTO tasks_comments (id, content, created_at, updated_at, author_id, task_id)
VALUES (24, 'Next local against project little add. Condition American crime over.', '2025-04-30 18:20:25', '2025-01-31 17:31:21', 6, 15);
INSERT INTO tasks_comments (id, content, created_at, updated_at, author_id, task_id)
VALUES (25, 'Light eye source one. Cause these man finish pick soon.
Tv cup company. Music the theory. Such meeting simply hear fill often.
Hit region letter power recognize indicate.', '2025-02-28 12:27:34', '2025-03-24 21:30:52', 4, 27);
INSERT INTO tasks_comments (id, content, created_at, updated_at, author_id, task_id)
VALUES (26, 'Usually dark half dog new drive. Hit none term social deep sit agree. Character yet eat feel culture deep oil.', '2025-04-15 19:42:30', '2025-02-25 18:19:50', 2, 5);
INSERT INTO tasks_comments (id, content, created_at, updated_at, author_id, task_id)
VALUES (27, 'Product interview do mention. At seem western news appear hard over. Exactly remain surface ready laugh serious me.
Anything pick mouth senior. Country five group a sport vote people report.', '2025-03-02 08:00:11', '2025-04-10 21:47:53', 7, 37);
INSERT INTO tasks_comments (id, content, created_at, updated_at, author_id, task_id)
VALUES (28, 'Large now fly. Whole black not despite television my page. Agent least these prepare beyond.
Involve end read same language.', '2025-03-01 05:54:58', '2025-04-23 05:09:35', 4, 6);
INSERT INTO tasks_comments (id, content, created_at, updated_at, author_id, task_id)
VALUES (29, 'Girl themselves bed. Time spring real call face. Condition future prove between surface.
Enter newspaper room.
Support fast ready cup either try. Hear rather white tend.', '2025-03-31 16:36:25', '2025-01-03 07:27:38', 2, 32);
INSERT INTO tasks_comments (id, content, created_at, updated_at, author_id, task_id)
VALUES (30, 'All lose red section new when. Individual authority modern represent manager. Live form back executive lot budget. Ball tell money attorney about public pretty.', '2025-02-15 05:30:07', '2025-01-24 13:39:53', 9, 31);
INSERT INTO tasks_comments (id, content, created_at, updated_at, author_id, task_id)
VALUES (31, 'Staff performance it left. Over material trip opportunity second. Answer contain ability ball scientist. Cover whom while attention without.', '2025-04-29 04:50:32', '2025-05-03 16:51:24', 4, 33);
INSERT INTO tasks_comments (id, content, created_at, updated_at, author_id, task_id)
VALUES (32, 'Once again style politics five old wish pattern. Nice talk agree animal line film.
Certainly follow democratic industry lot. Phone skin challenge hand evening.', '2025-04-19 00:07:31', '2025-03-16 09:37:18', 1, 24);
INSERT INTO tasks_comments (id, content, created_at, updated_at, author_id, task_id)
VALUES (33, 'Try teach commercial identify would. Change cost door teach change than.
More reach budget account power.
Answer dark himself data. Trip project eat. Rise everything former perform measure although.', '2025-01-30 17:08:02', '2025-03-31 18:48:30', 9, 37);
INSERT INTO tasks_comments (id, content, created_at, updated_at, author_id, task_id)
VALUES (34, 'Response fast take often Congress. Rather able local whether address serve.', '2025-03-19 18:27:22', '2025-02-07 07:53:53', 5, 2);
INSERT INTO tasks_comments (id, content, created_at, updated_at, author_id, task_id)
VALUES (35, 'Live really hit maybe stay. When price admit network argue point free fall.
On draw authority paper important chance kid. Performance commercial his knowledge.', '2025-02-12 02:34:34', '2025-02-09 00:31:34', 8, 38);
INSERT INTO tasks_comments (id, content, created_at, updated_at, author_id, task_id)
VALUES (36, 'Expert off physical. Teach parent exist out result official whole. Product land save adult.
Long employee indeed opportunity. Same lose bill debate force production different forget.', '2025-05-03 21:39:31', '2025-01-26 08:04:13', 8, 11);
INSERT INTO tasks_comments (id, content, created_at, updated_at, author_id, task_id)
VALUES (37, 'Letter message half image successful. Half its move onto community expect base spring.
Because indeed strategy usually budget one rule. Leave impact sense affect senior.', '2025-01-18 06:00:22', '2025-04-22 16:07:00', 4, 34);
INSERT INTO tasks_comments (id, content, created_at, updated_at, author_id, task_id)
VALUES (38, 'Product would century long. After world art but pressure try seat.
Key fish large out hard however. Development often movement necessary. Political nearly stuff process project.', '2025-01-09 04:27:35', '2025-04-10 22:32:41', 10, 27);
INSERT INTO tasks_comments (id, content, created_at, updated_at, author_id, task_id)
VALUES (39, 'Grow would smile Mr while. New stop write lawyer high.
Mother certainly company anyone firm loss eight. Until nation quickly seat back hundred. Go leader former face trip. Quickly key individual.', '2025-03-14 08:20:25', '2025-03-09 12:07:20', 6, 44);
INSERT INTO tasks_comments (id, content, created_at, updated_at, author_id, task_id)
VALUES (40, 'Back thus look hotel create different discussion. Its strategy argue cell off than. Moment around building pretty various stay.', '2025-03-09 04:37:30', '2025-01-04 20:59:40', 8, 19);
INSERT INTO tasks_comments (id, content, created_at, updated_at, author_id, task_id)
VALUES (41, 'Watch benefit there New direction community set. Major rock option thank worry crime entire. Develop writer new threat.', '2025-01-27 17:35:23', '2025-03-09 04:50:44', 7, 28);
INSERT INTO tasks_comments (id, content, created_at, updated_at, author_id, task_id)
VALUES (42, 'Everybody agency memory sing. Difficult close rich color television main. Dark class discover add idea.
Republican box prepare black seat. Thousand prevent network year less wrong southern.', '2025-04-06 18:11:46', '2025-01-27 06:26:05', 1, 31);
INSERT INTO tasks_comments (id, content, created_at, updated_at, author_id, task_id)
VALUES (43, 'Political course wear meeting. Water help miss especially space base feel.
Prepare notice and reality hospital project. Area short fly across off over.', '2025-02-23 05:45:58', '2025-02-09 20:10:11', 6, 23);
INSERT INTO tasks_comments (id, content, created_at, updated_at, author_id, task_id)
VALUES (44, 'Impact some assume decade save. I might cut.
Best recently as. My international we direction finally growth prove.
Visit serious me attack. Real together team partner. Green reveal tree bring budget.', '2025-02-11 04:46:06', '2025-01-18 03:15:08', 4, 2);
INSERT INTO tasks_comments (id, content, created_at, updated_at, author_id, task_id)
VALUES (45, 'Look particular international until conference. Quickly seem start character debate wind hair.', '2025-03-12 03:52:03', '2025-03-25 15:36:22', 1, 41);
INSERT INTO tasks_comments (id, content, created_at, updated_at, author_id, task_id)
VALUES (46, 'Market point question box too.
Attention close such produce. Especially majority scene population run.
Plan less role better such side. Decision spend car couple general knowledge job.', '2025-04-13 11:51:52', '2025-01-06 11:33:07', 2, 9);
INSERT INTO tasks_comments (id, content, created_at, updated_at, author_id, task_id)
VALUES (47, 'Never tend pick guess meeting. Small fall foreign card place.', '2025-03-11 17:20:10', '2025-01-18 11:26:31', 4, 25);
INSERT INTO tasks_comments (id, content, created_at, updated_at, author_id, task_id)
VALUES (48, 'Despite life big. Spring goal beautiful stuff provide century look kitchen. Per nothing compare role put.', '2025-03-01 09:07:04', '2025-03-18 21:59:25', 10, 3);
INSERT INTO tasks_comments (id, content, created_at, updated_at, author_id, task_id)
VALUES (49, 'Simply table bank argue. When avoid vote small anyone better. Audience dog music meeting eight enjoy would.
Girl wish education. Magazine stop few particular.', '2025-03-30 16:38:28', '2025-01-04 20:56:34', 10, 1);
INSERT INTO tasks_comments (id, content, created_at, updated_at, author_id, task_id)
VALUES (50, 'Determine yes tree state three Congress develop. I item cell agent wait meeting free. Attorney each future public lose.
There hear college instead push. Summer always worry great like.', '2025-02-28 22:10:15', '2025-01-29 00:03:37', 10, 9);
INSERT INTO tasks_comments (id, content, created_at, updated_at, author_id, task_id)
VALUES (51, 'Itself also its position near government attention. Here ground close must well.
Authority build seem. Fine down marriage science place her consider. Son exactly try save bit she action reduce.', '2025-03-09 05:03:10', '2025-01-07 14:15:59', 7, 31);
INSERT INTO tasks_comments (id, content, created_at, updated_at, author_id, task_id)
VALUES (52, 'Better example have item street. Second reduce change agree paper amount coach.', '2025-05-04 01:00:05', '2025-03-04 01:10:56', 10, 22);
INSERT INTO tasks_comments (id, content, created_at, updated_at, author_id, task_id)
VALUES (53, 'Number life own ball almost. Commercial father inside really what activity. Still memory million police enjoy money sing determine.', '2025-04-03 18:05:41', '2025-04-17 15:22:46', 7, 18);
INSERT INTO tasks_comments (id, content, created_at, updated_at, author_id, task_id)
VALUES (54, 'Along debate quickly industry. Long PM series begin act between. Blood trip leg international land go. Policy loss drug where low write.', '2025-03-28 20:55:28', '2025-01-12 00:58:18', 2, 25);
INSERT INTO tasks_comments (id, content, created_at, updated_at, author_id, task_id)
VALUES (55, 'Result half surface deal risk window. Scene city challenge check against simple street. Against occur find send personal occur stop.
Raise purpose director character.
Visit discuss word view even.', '2025-01-23 14:53:44', '2025-01-31 22:20:25', 7, 15);
INSERT INTO tasks_comments (id, content, created_at, updated_at, author_id, task_id)
VALUES (56, 'Him health everything but customer. Fish part without. Building fine somebody.', '2025-04-19 23:50:26', '2025-03-23 00:29:38', 1, 1);
INSERT INTO tasks_comments (id, content, created_at, updated_at, author_id, task_id)
VALUES (57, 'Nature now idea page New. Tax hour bad. Whose peace sure tell truth end.
Speak life wind suddenly watch every school. Another white foot anyone his community.
Cold answer character career many.', '2025-02-12 23:59:33', '2025-04-03 09:51:14', 2, 26);
INSERT INTO tasks_comments (id, content, created_at, updated_at, author_id, task_id)
VALUES (58, 'Must plan more shoulder goal bed act. Attorney area without. Close authority live.
Fact common standard sit. Area its under sister.', '2025-01-30 00:24:50', '2025-02-16 07:43:48', 2, 24);
INSERT INTO tasks_comments (id, content, created_at, updated_at, author_id, task_id)
VALUES (59, 'Fall them government ready really police. Cause some or piece fast usually. Ball wrong reason television. Name soon evening lay leave identify return.
Ahead push be turn but interesting although.', '2025-01-12 13:21:13', '2025-01-22 03:13:51', 3, 24);
INSERT INTO tasks_comments (id, content, created_at, updated_at, author_id, task_id)
VALUES (60, 'Rock on new reach hold join six. Never ball establish its indeed.
Claim once make serve fall back police trip. Exactly bill talk science. Senior western choose economy section.', '2025-02-09 11:15:47', '2025-01-14 02:44:34', 4, 1);
INSERT INTO tasks_comments (id, content, created_at, updated_at, author_id, task_id)
VALUES (61, 'Process behavior physical recognize. Fact common lay sign.
President war me writer only might involve. Forward benefit need over hour like.', '2025-03-08 21:15:35', '2025-03-07 10:39:39', 6, 19);
INSERT INTO tasks_comments (id, content, created_at, updated_at, author_id, task_id)
VALUES (62, 'Parent or response official. Book white little play chair. Relationship claim theory actually body one.
Chair true wall total knowledge worry. Set that pick health last serve.', '2025-02-08 03:24:13', '2025-02-22 11:30:11', 4, 24);
INSERT INTO tasks_comments (id, content, created_at, updated_at, author_id, task_id)
VALUES (63, 'Century employee behavior decide special play. Remain off audience number painting build. Apply society father call necessary seek somebody.
Short natural our race. Time little leg throughout.', '2025-04-06 22:54:30', '2025-04-12 10:38:10', 7, 22);
INSERT INTO tasks_comments (id, content, created_at, updated_at, author_id, task_id)
VALUES (64, 'Even figure next small. Pick training we art example. Long increase most general record society protect. Nation evening material PM.', '2025-04-08 01:13:14', '2025-02-12 02:10:49', 3, 12);
INSERT INTO tasks_comments (id, content, created_at, updated_at, author_id, task_id)
VALUES (65, 'Ten various financial social most also.
Fast could hour everyone training some figure fund. Memory type provide law begin check likely.', '2025-03-19 13:37:13', '2025-05-09 02:34:37', 2, 26);
INSERT INTO tasks_comments (id, content, created_at, updated_at, author_id, task_id)
VALUES (66, 'Move key benefit perhaps day study. Property success outside appear recently model its. Free reflect leave hand page writer Democrat. Yourself break data field authority left alone question.', '2025-05-10 23:08:53', '2025-01-16 13:17:06', 7, 38);
INSERT INTO tasks_comments (id, content, created_at, updated_at, author_id, task_id)
VALUES (67, 'Significant thing apply section central control.
Road shake left anything majority. Computer state expert by hand.
Sea despite also environmental.', '2025-01-25 05:45:01', '2025-01-16 07:42:47', 4, 23);
INSERT INTO tasks_comments (id, content, created_at, updated_at, author_id, task_id)
VALUES (68, 'Store onto loss. Suffer hair hard or accept large politics.
Head couple lead budget country nature trouble. Describe between speech pay above man wife.', '2025-04-05 13:08:34', '2025-03-18 13:57:11', 5, 18);
INSERT INTO tasks_comments (id, content, created_at, updated_at, author_id, task_id)
VALUES (69, 'Change too indeed concern go. Happen owner or year step can lawyer.
This can building nature for where theory. Number cup value. Hold company provide environment receive.', '2025-04-08 02:41:36', '2025-01-27 00:21:55', 8, 41);
INSERT INTO tasks_comments (id, content, created_at, updated_at, author_id, task_id)
VALUES (70, 'Five once range activity me heart us tell.
International hand born crime. Society because program receive might meet. However seat find history scientist.', '2025-04-12 17:43:05', '2025-03-20 07:31:58', 2, 45);
INSERT INTO tasks_comments (id, content, created_at, updated_at, author_id, task_id)
VALUES (71, 'Health provide set avoid simply what. Plan chair debate they despite analysis less.
Alone maybe agree until. Blue seat rock improve candidate soon.', '2025-04-30 00:09:58', '2025-04-27 17:44:05', 10, 6);
INSERT INTO tasks_comments (id, content, created_at, updated_at, author_id, task_id)
VALUES (72, 'Feeling make form tend morning.
Light car meet area.
Company position girl sea. Example indeed walk building region.
Religious cup two mother. Doctor gas already stock issue.', '2025-04-29 21:20:36', '2025-04-02 04:20:55', 6, 44);
INSERT INTO tasks_comments (id, content, created_at, updated_at, author_id, task_id)
VALUES (73, 'Officer air explain their. North during share pass professor note face. Against fast development expert after stand everything. Shake type line sometimes senior environmental.', '2025-01-29 22:25:43', '2025-01-22 02:05:36', 6, 1);
INSERT INTO tasks_comments (id, content, created_at, updated_at, author_id, task_id)
VALUES (74, 'War feeling time hard. Share theory author.
Find site coach single.
Stuff term product term expert show here. Line appear anyone myself.
Another former less but. Car serious attention hotel little.', '2025-01-08 21:50:57', '2025-01-02 20:43:19', 9, 32);
INSERT INTO tasks_comments (id, content, created_at, updated_at, author_id, task_id)
VALUES (75, 'And catch either arrive foreign particularly. Sometimes resource imagine certainly field capital evening. Take occur reality north determine.', '2025-03-16 04:25:57', '2025-03-07 03:30:13', 5, 50);
INSERT INTO tasks_comments (id, content, created_at, updated_at, author_id, task_id)
VALUES (76, 'Certainly sit tough woman. Modern away any wait it everybody same. Thank executive line girl.
Spend send central. His chair put allow.', '2025-05-09 23:57:31', '2025-05-03 16:06:40', 5, 4);
INSERT INTO tasks_comments (id, content, created_at, updated_at, author_id, task_id)
VALUES (77, 'Glass century player where. Control require full. Similar woman threat knowledge police might.
Heavy fill young budget.
Develop score successful much size art into. Suggest of shake.', '2025-03-14 03:12:25', '2025-02-09 02:31:16', 8, 23);
INSERT INTO tasks_comments (id, content, created_at, updated_at, author_id, task_id)
VALUES (78, 'Down carry into report high tend game material.
Technology price white. Agency occur entire evidence feel follow do. Coach civil sure federal change out. Color describe nearly light price.', '2025-04-20 17:09:14', '2025-05-11 02:44:14', 1, 1);
INSERT INTO tasks_comments (id, content, created_at, updated_at, author_id, task_id)
VALUES (79, 'Control there left check Mr image case. Note western leader stand one government.
Agency rule upon. Skill paper people end.', '2025-01-27 02:47:10', '2025-03-08 07:44:29', 10, 10);
INSERT INTO tasks_comments (id, content, created_at, updated_at, author_id, task_id)
VALUES (80, 'Song teacher at for mind what. Bed decade enter smile off imagine build art.
Pressure behavior though authority news teach ago.', '2025-03-10 14:09:04', '2025-03-02 03:19:12', 4, 3);
INSERT INTO tasks_comments (id, content, created_at, updated_at, author_id, task_id)
VALUES (81, 'Those behind watch day close if. Result paper likely test senior each. Air miss discussion pressure radio few.
Matter stage paper. Even sometimes commercial environmental instead huge much.', '2025-02-25 03:32:40', '2025-01-22 07:56:13', 2, 22);
INSERT INTO tasks_comments (id, content, created_at, updated_at, author_id, task_id)
VALUES (82, 'Mr alone represent lead color.
Machine now industry office most. Write money bring ready form. Just scene employee continue everything.', '2025-01-02 12:09:11', '2025-03-17 16:28:23', 1, 13);
INSERT INTO tasks_comments (id, content, created_at, updated_at, author_id, task_id)
VALUES (83, 'Direction somebody care herself experience sometimes coach mind. Model citizen simple program first. Tonight team budget result.
Wish go chair call. Plan single kitchen. Full work wife.', '2025-01-28 16:36:21', '2025-01-06 17:15:59', 7, 8);
INSERT INTO tasks_comments (id, content, created_at, updated_at, author_id, task_id)
VALUES (84, 'Day herself live skin often research. North organization yes.
Authority rich serve house yes capital. Short cold leg century whatever mind small. Fast city general daughter six.', '2025-04-02 20:08:53', '2025-03-21 10:36:54', 3, 42);
INSERT INTO tasks_comments (id, content, created_at, updated_at, author_id, task_id)
VALUES (85, 'Ask subject personal think. Enough data home wall. Off world young now. Public amount dinner off ball sure.
Food contain score act some against table. Want of though like unit crime.', '2025-01-04 04:28:32', '2025-03-06 04:34:31', 8, 11);
INSERT INTO tasks_comments (id, content, created_at, updated_at, author_id, task_id)
VALUES (86, 'Skin concern suggest physical then practice. Thought cup machine sing condition allow. Politics dark wear administration try.', '2025-04-15 03:47:20', '2025-02-17 00:43:57', 6, 8);
INSERT INTO tasks_comments (id, content, created_at, updated_at, author_id, task_id)
VALUES (87, 'All audience begin position. Tell close side tend thing.
Say especially perhaps mention lot six. Safe many sign break.', '2025-05-12 01:04:03', '2025-02-02 02:27:34', 8, 36);
INSERT INTO tasks_comments (id, content, created_at, updated_at, author_id, task_id)
VALUES (88, 'Teach suffer medical show seek. But baby eye oil can week cultural knowledge. Energy across minute clearly address.', '2025-03-18 12:32:30', '2025-02-13 00:30:07', 6, 20);
INSERT INTO tasks_comments (id, content, created_at, updated_at, author_id, task_id)
VALUES (89, 'Difference enjoy trouble. Quality benefit discussion from role treatment account. Important away factor paper key think. Travel guy discussion career.', '2025-04-10 00:28:53', '2025-05-02 22:46:38', 2, 36);
INSERT INTO tasks_comments (id, content, created_at, updated_at, author_id, task_id)
VALUES (90, 'Focus question relationship man. Return left bank left interesting star industry same. Particularly decision cultural without before.', '2025-03-23 15:45:48', '2025-02-08 19:39:55', 5, 18);
INSERT INTO tasks_comments (id, content, created_at, updated_at, author_id, task_id)
VALUES (91, 'Doctor key heavy federal price. Truth from cause federal treat forward.
Night officer top need country every him. Protect like college dream man around sea. Billion relationship big seven.', '2025-01-09 05:49:28', '2025-01-21 16:53:30', 7, 45);
INSERT INTO tasks_comments (id, content, created_at, updated_at, author_id, task_id)
VALUES (92, 'Usually purpose exactly Mrs. Customer throw every. Mr class money all away.
Baby cover light western song situation American.
Seem third second them seem face. Sort guy page piece four break.', '2025-01-06 13:41:59', '2025-01-30 21:23:22', 6, 21);
INSERT INTO tasks_comments (id, content, created_at, updated_at, author_id, task_id)
VALUES (93, 'According high outside describe. Significant hospital modern several born look TV clear.
Never federal mind rise want. Parent above decision should learn. Large quality seven speech.', '2025-01-01 18:21:31', '2025-03-07 14:39:40', 8, 38);
INSERT INTO tasks_comments (id, content, created_at, updated_at, author_id, task_id)
VALUES (94, 'Central keep alone investment during walk. Ahead only modern necessary really. Rather born remember. Avoid forget blue.
View discuss rich song young no admit. According beautiful already soon admit.', '2025-04-27 20:53:29', '2025-03-20 10:59:55', 2, 5);
INSERT INTO tasks_comments (id, content, created_at, updated_at, author_id, task_id)
VALUES (95, 'Hear value a old big involve. Onto town easy by when since decision safe. Environmental less enter act free sea today.', '2025-03-05 13:52:21', '2025-05-02 13:17:48', 5, 47);
INSERT INTO tasks_comments (id, content, created_at, updated_at, author_id, task_id)
VALUES (96, 'War white get I morning bad. Skin would recognize land animal either. See just design land.', '2025-03-31 10:25:27', '2025-03-01 20:37:00', 1, 14);
INSERT INTO tasks_comments (id, content, created_at, updated_at, author_id, task_id)
VALUES (97, 'North song common join interesting behavior skill day. Vote task court sister month ability long.', '2025-03-17 00:12:31', '2025-01-28 20:10:32', 8, 29);
INSERT INTO tasks_comments (id, content, created_at, updated_at, author_id, task_id)
VALUES (98, 'Her bed around game experience. Leg finally build increase purpose heart.
Cell consider street management wife although.
Decide music above activity. Performance give pick able sense.', '2025-03-09 11:31:42', '2025-01-19 23:11:21', 10, 33);
INSERT INTO tasks_comments (id, content, created_at, updated_at, author_id, task_id)
VALUES (99, 'Page anything page sell. Anything decision national could available write leg.', '2025-03-10 12:30:24', '2025-03-14 09:53:11', 2, 1);
INSERT INTO tasks_comments (id, content, created_at, updated_at, author_id, task_id)
VALUES (100, 'Compare room try various want blood enough. Young fill center civil.
Food clearly car close bit form tend. Free sign low even capital whole. Growth sea one expert.', '2025-04-23 18:54:20', '2025-03-03 15:20:06', 1, 10);